{"heroeslist":[{"title":"Dr Strange","power":1,"city":"Pune"},{"title":"Black Panther","power":0,"city":"New York"},{"title":"Hulk","power":6,"city":"Pune"},{"title":"Black Panther","power":0,"city":"New York"},{"power":8,"city":"New York"},{"title":"Dr Strange","power":8,"city":"New York"},{"title":"Black Panther","power":8,"city":"Pune"},{"title":"Black Panther","power":3,"city":"Bangalore"},{"title":"Thor","power":5,"city":"Bangalore"},{"title":"Hulk","power":5,"city":"New York"},{"title":"Black Widow","power":8,"city":"Mumbai"},{"title":"Thor","power":4,"city":"Bangalore"},{"title":"Thor","power":5,"city":"New York"},{"title":"Dr Strange","power":5,"city":"Pune"},{"title":"Dr Strange","power":7},{"title":"Hulk","power":3,"city":"New York"},{"title":"Dr Strange","power":9,"city":"Bangalore"},{"power":2,"city":"Mumbai"},{"title":"Thor","power":4,"city":"Bangalore"},{"title":"Ironman","power":7,"city":"Bangalore"},{"title":"Hulk","power":10,"city":"Delhi"},{"title":"Black Widow","power":9,"city":"Pune"},{"title":"Dr Strange","power":6,"city":"New York"},{"title":"Black Panther","power":7,"city":"Pune"},{"title":"Black Widow","power":10,"city":"New York"},{"title":"Ironman","power":1,"city":"Mumbai"},{"title":"Thor","power":2,"city":"Bangalore"},{"title":"Thor","power":3},{"title":"Thor","power":3,"city":"Mumbai"},{"title":"Captain America","power":5},{"title":"Thor","power":7,"city":"Bangalore"},{"title":"Dr Strange","power":0,"city":"Bangalore"},{"title":"Captain America","power":5,"city":"New York"},{"title":"Black Panther","power":8,"city":"Mumbai"},{"power":4,"city":"Pune"},{"title":"Thor","power":5,"city":"Mumbai"},{"title":"Black Panther","power":2},{"title":"Dr Strange","power":2,"city":"Pune"},{"title":"Black Widow","power":1,"city":"Pune"},{"title":"Captain America","power":4,"city":"Bangalore"},{"title":"Hulk","power":1,"city":"Mumbai"},{"title":"Ironman","power":4,"city":"Pune"},{"title":"Ironman","power":7,"city":"New York"},{"title":"Black Panther","power":2,"city":"Mumbai"},{"title":"Hulk","power":4},{"title":"Thor","power":8,"city":"New York"},{"title":"Hulk","power":9,"city":"Bangalore"},{"title":"Ironman","power":2,"city":"Delhi"},{"title":"Hulk","power":7,"city":"Bangalore"},{"title":"Black Widow","power":6,"city":"Pune"},{"title":"Black Panther","power":5,"city":"Pune"},{"title":"Black Widow","power":3,"city":"Pune"},{"title":"Black Widow","power":5,"city":"New York"},{"title":"Ironman","power":8,"city":"Pune"},{"title":"Black Panther","power":5},{"title":"Black Widow","power":2,"city":"New York"},{"title":"Hulk","power":6,"city":"Bangalore"},{"title":"Hulk","power":8,"city":"Mumbai"},{"title":"Dr Strange","power":0,"city":"New York"},{"title":"Ironman","power":2,"city":"Bangalore"},{"title":"Thor","power":4,"city":"Delhi"},{"title":"Black Widow","power":0,"city":"New York"},{"power":3,"city":"Bangalore"},{"title":"Black Panther","power":1,"city":"Delhi"},{"title":"Dr Strange","power":3,"city":"New York"},{"title":"Black Panther","power":7,"city":"Mumbai"},{"title":"Black Panther","power":4,"city":"Bangalore"},{"title":"Dr Strange","power":9,"city":"Pune"},{"power":9,"city":"Mumbai"},{"title":"Thor","power":8,"city":"Bangalore"},{"title":"Thor","power":2,"city":"Pune"},{"title":"Thor","power":1,"city":"Mumbai"},{"title":"Black Panther","power":3,"city":"Pune"},{"title":"Dr Strange","power":1},{"title":"Thor","power":7,"city":"New York"},{"title":"Ironman","power":10,"city":"Mumbai"},{"title":"Captain America","power":1,"city":"Delhi"},{"title":"Captain America","power":1,"city":"Mumbai"},{"title":"Dr Strange","power":6,"city":"Bangalore"},{"title":"Ironman","power":5},{"power":3},{"title":"Dr Strange","power":2,"city":"Delhi"},{"title":"Black Widow","power":9,"city":"Pune"},{"title":"Dr Strange","power":6,"city":"Bangalore"},{"title":"Hulk","power":1,"city":"Mumbai"},{"title":"Hulk","power":5,"city":"Bangalore"},{"title":"Hulk","power":0,"city":"Bangalore"},{"title":"Ironman","power":5,"city":"Mumbai"},{"title":"Hulk","power":2,"city":"Bangalore"},{"power":1,"city":"New York"},{"title":"Black Widow","power":6},{"title":"Captain America","power":6,"city":"Mumbai"},{"title":"Captain America","power":9,"city":"Mumbai"},{"title":"Black Panther","power":6,"city":"Pune"},{"title":"Thor","power":3,"city":"Mumbai"},{"title":"Ironman","power":8},{"title":"Black Widow","power":2,"city":"Pune"},{"title":"Dr Strange","power":8,"city":"Bangalore"},{"title":"Dr Strange","power":0,"city":"Pune"},{"title":"Thor","power":8,"city":"Mumbai"},{"title":"Black Panther","power":7,"city":"Pune"}]}